graph6,name,hog
G`ZTnS,,35822
GCFByO,,35936
G]NEhG,,36047
Fd|n_,,33696
GdAafW,,35944
FWn}g,,35756
GPMcnS,,36109
GFGuoW,,35990
GOIuJ{,,35976
GWAAQw,,35856
G[?T|W,,35956
FWfQ_,BW_3,
GGJs@{,,35886
FFfbW,,35720
G?oDjk,,36081
GKyXm_,,35804
GWt{vs,,35830
Gl~Ljk,\co{C_8},
FFB~o,,35687
Gib}lS,,36192
GUzgq?,,36105
GRO\MO,X_{111},34007
FkN~o,,19170
FGy~_,,35750
GEwM^O,,35996
GZEuD{,,36174
GW]Al{,,36213
GQDmA[,,36129
GvKBFG,X_{144},35970
G|Deq_,,35984
EW~G,\co{butterfly \cup K_1},
FSFVw,\co{S_3 \cup K_1},
FW~Vg,,35743
G[H~ek,,35771
GNIF~W,,36237
GXAIOo,,36051
E]~o,\co{3K_2},
GVoIfg,,36087
G\kUnw,,35769
GO~Yck,,36217
GVF]IO,,36131
GGJcAs,,35882
GEoOdw,,36083
GLMEfg,,36137
FRBm?,,35694
G[GfRg,,35898
GU?AX{,,35860
GU?wiO,\co{X_{117}},35880
FBYNO,,868
FWvsg,X_{15},35735
G@E]ns,\co{X_{135}},36041
GU?VB{,,35922
GhF{VC,,35783
GlBsrO,,35806
GPz~r{,,35602
GCEmIO,,35932
GBFc?{,,35914
GW]Ah{,,36211
FPJn_,X_{107},35677
GCwMVw,,35876
GldU~c,,36195
G?WNS{,,36178
FRBmG,,35696
GFyHD{,X_{151},36089
G@FMlw,,36035
GEJp_S,,35988
GCkMBw,,35870
GdKLf[,,36143
GWd\uW,,35810
FB}N?,X_{14},35718
GPrz~o,,35844
GCFFyO,,35938
GNNeCc,,36164
GPMfe{,,36101
GEAnZ[,,36008
F\p^w,\co{C_6 \cup K_1},
GWB|Z[,,21259
FFBHw,,35675
G^FtbO,,36145
GUo@dW,,35942
G?cNBK,,36133
GW~{qg,,35797
FPzRw,,35754
F^fJW,\co{C_7},
FFzfw,,910
GEFCZo,,36012
GGJS?s,,35878
G^Sh|C,,36233
GCF}jS,,36028
GEwMn?,,36002
GPryno,,35795
GV?E\[,,35926
G[DSno,,36153
GSwY@{,X_{47},36077
GE_G@s,,35968
G^YUTw,,35849
G\KCbk,,35908
GI_~@k,,36207
GCFF|k,,35978
GBEMbW,,35960
G?gM@{,,36031
GHe]Ns,,35785
GFwkd{,,36119
FVomg,,35745
GE?||o,,36039
FZfmO,\co{X_{173}},35665
G]?DZ[,,35928
GWu^b{,,35834
GUPooW,,35912
EF`g,twin-C_5,
GEoKT{,,35868
GFMFC{,,36095
GnEYFK,,36043
GFwcDS,,36103
GPiVfK,\co{X_{178}},36166
FWvtg,,35752
G[AZqW,,36139
GpP~Eo,,36199
GTD}fw,,36176
GU?D}w,,35874
GU?nQO,,36123
GNJcX_,,36018
GOYjVo,,36097
GMx]d_,,20576
GRO\]O,,35659
FckVW,,35711
GOr_y?,,36053
GRNpCo,,35958
GdR|r{,,35842
G[{Mb{,,36168
F?}Bw,,35509
Fd|f_,,35761
GHf]Ks,,35781
GVJtuS,,35846
GBEMj[,,36024
GWmYKG,,36073
GL?a]S,,35892
GLMVBw,X_{120},36221
GcwXFs,X_{147},36079
G\CEJ{,,36022
GW]Vuw,,35832
GW[dUO,,35866
F?NuW,,35515
GCZo^?,,35916
GCcNR{,,35904
G}HTq_,,36010
GPbufK,,36159
GWHsJw,,35920
G[@N}w,,36147
FVFBw,\co{X_{176}},35715
GjFkT[,,35816
Gidqds,,36117
GWmQKG,,36071
G[vOhG,,36016
GEBk^w,,35980
GHyByk,,36215
GKGfRg,,35894
GOlvFc,,35779
FW`\_,\co{X_{88}},536
GWlvFs,,35799
G[FgJw,,35966
GHn]Ks,,35818
Giymnc,,35838
GLO}sW,,35543
G]?DY{,,35930
FEAjO,,778
GyJTMw,,36186
GRCEBg,,35862
GPxtes,,35793
G]poco,,36107
GUFMd{,,36161
FHyno,,35724
GHi~Qs,,35828
GDA^uc,,35974
GWVSng,,35777
GB}FFW,,36197
GBENUC,,35948
G?oDxW,,36067
GFsE]?,X_{142},35992
Ggqmlk,,36188
GU?C}w,,35872
GCFFyS,,35940
GOU^ck,,36141
FVFR_,,35698
GgvBtW,,36223
GX]IT[,,36099
GGe{MW,,36075
GEFP\w,,36033
G]Eubs,,36219
G^?fv[,,36045
GB}Zfs,,36239
FPrRo,,35507
GdP|pS,,35788
G?rON_,,36069
FOt@w,\co{X_{42}},35690
FEBkO,X_3,35668
GxBN|w,,35773
FWrv_,X_{46},35740
GayJfk,,36225
GG]fTs,,36229
GPp~qc,,35545
GZGSd{,,35910
FSFVO,,35709
GW~[m_,,35802
FO~uw,,35728
G@cFdg,,35888
GTCErg,,35896
FbmnG,X_{90},20566
FlR[O,,35733
GO]fRw,,36227
GNIFx{,X_{110},36235
GHJfkW,,36026
G^dP?c,,36055
GGuCj{,,36111
FXBlw,X_{103},35684
FWdzo,,35738
GU?AXW,,35858
FXA]W,X_{104},35672
GOH]Lk,,35972
G@yNFo,,36085
GCFmH[,,35950
GEsNFW,,36000
G^?T[K,,35952
Gib}l[,X_{125},21385
FVSUG,,35692
GC{MZo,,35902
FOt@g,\co{X_{90}},1345
GWu^r{,,35840
FE{N?,,35511
GU?mQO,,36121
GZCF[s,,35964
G?WNSw,,36149
GcXCN_,,36061
GPbvfK,,36182
GOHNeC,,35934
GkFh^o,,35791
GNGedw,,36006
GHfNH{,,35824
G[?T^W,,35954
FUBjO,,35705
GW]@|w,,36231
Gm|Stg,,35765
FXBmw,,35682
GWzI|o,,35812
G]YupW,,35820
GQDmLO,,36125
GDE}]_,,36004
FXJUW,,35680
GLCffG,,36020
GTS]Rg,,36209
GHUb]O,,36203
GxB{u[,,35767
G^t`So,,36115
GHa|mg,,36157
G?wCj{,,36151
G]EUl{,,36170
FPzRo,X_{88},1306
GERK`g,,36059
GE{w^o,,36037
GDmVR{,,36184
FEoNO,\co{X_{97}},35670
GWHsIw,,35918
GXBilC,,35906
FVcmW,X_{87},35748
GBEMbw,,35962
GMsKug,X_{146},36091
GV?CZ[,,35924
GPU{R_,,36205
FWvNo,\co{X_{127}},35730
GwvZLS,,35836
FWf}g,,21254
GXa^Jw,,36190
GMzHck,,35814
GXBC\o,,36014
GCwMDw,,35864
Gjbkvc,,35852
GW`Rys,,36127
F\BHw,,35726
GWt\uG,,35808
GCwF|K,,35890
FUFFO,X_{36},35700
GfMvL[,X_{117},35854
GWdV~w,,19176
GC[OfO,,36135
FWnzo,co-eiffeltower,
FFfbw,,35722
G?oDz{,,36113
GGMKaw,,36065
GdP|ps,,35826
FWvVw,,21256
FCFVO,\co{X_{105}},35513
FUFmG,,35702
GVSOmc,,36057
FO^uG,,35707
GNMfM_,,36172
FXvMg,X_{11},35758
G_[ccK,,36063
FEA~W,,35517
GUYurW,\co{X_{126}},160
GEwMNO,,35994
GFy@dw,X_{148},36093
G?wCz{,,36180
GEFUVo,,35998
GBbn?C,,35884
GpIO~S,,36155
GXBdUs,,35982
GUCBL{,,35900
FVFBW,,35713
GOvOa?,,36049
GCFBZO,,35946
GCFFzw,,35986
GWVSn_,,35775